Workbook

Sheet AER Real Data
A1: Alberta Crude Oil Production — Real AER Data
A2: Source: Alberta Energy Regulator, ST98 Alberta Energy Outlook, Crude Oil Production (retrieved Aug 2026)
A3: https://www.aer.ca/data-and-performance-reports/statistical-reports/alberta-energy-outlook-st98/crude-oil/crude-oil-production
A5: Annual Average Daily Production (thousand bbl/d)
A6: Year | B6: Production (000 bbl/d) | C6: YoY Change (%) | D6: Status
A7: 2023 | B7: 512.2 | D7: Actual
A8: 2024 | B8: 530 | C8: 0.035 | D8: Actual
A9: 2027 | B9: 576.3 | D9: AER Forecast (peak)
A11: 2024 Production Mix by Crude Type
A12: Crude Type | B12: Share of 2024 Production (%)
A13: Light Crude Oil | B13: 0.56
A14: Ultra-Heavy Crude Oil | B14: 0.23
A15: Medium & Heavy Crude Oil (remainder) | B15: 0.21
A17: Note: Light (56%) and Ultra-Heavy (23%) are AER-reported figures. "Medium & Heavy (remainder)" is the arithmetic complement (100% - 56% - 23% = 21%), not a directly AER-published category breakdown.

Sheet Facility Blend (Synthetic)
A1: Facility Blend Simulation — SYNTHETIC DATA
A2: Facility-level daily blend ratios are not publicly available (proprietary operational data). This sheet uses hypothetical data, structured around the real AER crude-type categories above (Light, Medium/Heavy, Ultra-Heavy), to demonstrate blend-variance analysis methodology.
A4: Month | B4: Crude Type | C4: Target Blend Ratio (%) | D4: Actual Blend Ratio (%) | E4: Variance (%) | F4: Volume Blended (bbl) | G4: Off-Spec Flag
A5: Jan-2026 | B5: Light | C5: 0.56 | D5: 0.5684 | E5: =D5-C5 -> 0.0084 | F5: 8204 | G5: =IF(ABS(E5)>0.02,"Review","OK") -> OK
A6: Jan-2026 | B6: Medium/Heavy | C6: 0.21 | D6: 0.2245 | E6: =D6-C6 -> 0.0145 | F6: 10006 | G6: =IF(ABS(E6)>0.02,"Review","OK") -> OK
A7: Jan-2026 | B7: Ultra-Heavy | C7: 0.23 | D7: 0.2134 | E7: =D7-C7 -> -0.0166 | F7: 14033 | G7: =IF(ABS(E7)>0.02,"Review","OK") -> OK
A8: Feb-2026 | B8: Light | C8: 0.56 | D8: 0.5361 | E8: =D8-C8 -> -0.0239 | F8: 14067 | G8: =IF(ABS(E8)>0.02,"Review","OK") -> Review
A9: Feb-2026 | B9: Medium/Heavy | C9: 0.21 | D9: 0.2335 | E9: =D9-C9 -> 0.0235 | F9: 8712 | G9: =IF(ABS(E9)>0.02,"Review","OK") -> Review
A10: Feb-2026 | B10: Ultra-Heavy | C10: 0.23 | D10: 0.2354 | E10: =D10-C10 -> 0.0054 | F10: 8260 | G10: =IF(ABS(E10)>0.02,"Review","OK") -> OK
A11: Mar-2026 | B11: Light | C11: 0.56 | D11: 0.5318 | E11: =D11-C11 -> -0.0282 | F11: 9791 | G11: =IF(ABS(E11)>0.02,"Review","OK") -> Review
A12: Mar-2026 | B12: Medium/Heavy | C12: 0.21 | D12: 0.194 | E12: =D12-C12 -> -0.016 | F12: 12931 | G12: =IF(ABS(E12)>0.02,"Review","OK") -> OK
A13: Mar-2026 | B13: Ultra-Heavy | C13: 0.23 | D13: 0.2016 | E13: =D13-C13 -> -0.0284 | F13: 9628 | G13: =IF(ABS(E13)>0.02,"Review","OK") -> Review
A14: Apr-2026 | B14: Light | C14: 0.56 | D14: 0.573 | E14: =D14-C14 -> 0.013 | F14: 13745 | G14: =IF(ABS(E14)>0.02,"Review","OK") -> OK
A15: Apr-2026 | B15: Medium/Heavy | C15: 0.21 | D15: 0.2127 | E15: =D15-C15 -> 0.0027 | F15: 9805 | G15: =IF(ABS(E15)>0.02,"Review","OK") -> OK
A16: Apr-2026 | B16: Ultra-Heavy | C16: 0.23 | D16: 0.227 | E16: =D16-C16 -> -0.003 | F16: 10278 | G16: =IF(ABS(E16)>0.02,"Review","OK") -> OK
... A22: Jun-2026 | B22: Ultra-Heavy | C22: 0.23 | D22: 0.2061 | E22: =D22-C22 -> -0.0239 | F22: 11112 | G22: =IF(ABS(E22)>0.02,"Review","OK") -> Review

Sheet Summary Dashboard
A1: Blend Performance Summary (Synthetic Facility Data)
A3: Crude Type | B3: Avg Target (%) | C3: Avg Actual (%) | D3: Avg Variance (%) | E3: Total Volume (bbl) | F3: Months Off-Spec
A4: Light | B4: =AVERAGEIF('Facility Blend (Synthetic)'!B5:B22,A4,'Facility Blend (Synthetic)'!C5:C22) -> 0.56 | C4: =AVERAGEIF('Facility Blend (Synthetic)'!B5:B22,A4,'Facility Blend (Synthetic)'!D5:D22) -> 0.55576667 | D4: =AVERAGEIF('Facility Blend (Synthetic)'!B5:B22,A4,'Facility Blend (Synthetic)'!E5:E22) -> -0.0042333333 | E4: =SUMIF('Facility Blend (Synthetic)'!B5:B22,A4,'Facility Blend (Synthetic)'!F5:F22) -> 63623 | F4: =COUNTIFS('Facility Blend (Synthetic)'!B5:B22,A4,'Facility Blend (Synthetic)'!G5:G22,"Review") -> 2
A5: Medium/Heavy | B5: =AVERAGEIF('Facility Blend (Synthetic)'!B5:B22,A5,'Facility Blend (Synthetic)'!C5:C22) -> 0.21 | C5: =AVERAGEIF('Facility Blend (Synthetic)'!B5:B22,A5,'Facility Blend (Synthetic)'!D5:D22) -> 0.22126667 | D5: =AVERAGEIF('Facility Blend (Synthetic)'!B5:B22,A5,'Facility Blend (Synthetic)'!E5:E22) -> 0.011266667 | E5: =SUMIF('Facility Blend (Synthetic)'!B5:B22,A5,'Facility Blend (Synthetic)'!F5:F22) -> 61518 | F5: =COUNTIFS('Facility Blend (Synthetic)'!B5:B22,A5,'Facility Blend (Synthetic)'!G5:G22,"Review") -> 2
A6: Ultra-Heavy | B6: =AVERAGEIF('Facility Blend (Synthetic)'!B5:B22,A6,'Facility Blend (Synthetic)'!C5:C22) -> 0.23 | C6: =AVERAGEIF('Facility Blend (Synthetic)'!B5:B22,A6,'Facility Blend (Synthetic)'!D5:D22) -> 0.2209 | D6: =AVERAGEIF('Facility Blend (Synthetic)'!B5:B22,A6,'Facility Blend (Synthetic)'!E5:E22) -> -0.0091 | E6: =SUMIF('Facility Blend (Synthetic)'!B5:B22,A6,'Facility Blend (Synthetic)'!F5:F22) -> 64098 | F6: =COUNTIFS('Facility Blend (Synthetic)'!B5:B22,A6,'Facility Blend (Synthetic)'!G5:G22,"Review") -> 2
A26: Data Provenance
A27: - Real: Alberta's 2024 crude type production mix (Light 56%, Ultra-Heavy 23%) — source AER ST98, cited on the AER Real Data tab.
A28: - Synthetic: monthly facility-level blend targets/actuals, structured around the real 2024 mix, since facility-level daily blend data is not publicly available.
A29: - The analysis methodology (variance tracking, off-spec flagging, volume-weighted summary) is directly transferable to real operational data.
